{
  "version": "4.67.0",
  "application": {
    "aimms.widget.type": {
      "literal": "application"
    },
    "theme.classic": {
      "literal": "NOT_ALLOWED"
    }
  },
  "pages/home": {
    "aimms.widget.type": {
      "literal": "pagev2-grid"
    },
    "bindings": {
      "literal": [
        {
          "widgetUri": "Zadowolenie",
          "gridArea": "area-b",
          "dndId": "area-bZadowolenie0"
        },
        {
          "widgetUri": "Rozmieszczone stacje hulajnóg",
          "gridArea": "area-c",
          "dndId": "area-cRozmieszczone stacje hulajnóg1"
        },
        {
          "widgetUri": "Funkcja celu",
          "gridArea": "area-c",
          "dndId": "area-cFunkcja celu2"
        },
        {
          "widgetUri": "Odleglosci",
          "gridArea": "area-d",
          "dndId": "area-dOdleglosci3"
        },
        {
          "widgetUri": "u",
          "gridArea": "area-d",
          "dndId": "area-du4"
        },
        {
          "widgetUri": "MaxDistance",
          "gridArea": "area-d",
          "dndId": "area-dMaxDistance5"
        },
        {
          "widgetUri": "Solve",
          "gridArea": "area-a",
          "dndId": "area-aSolve6"
        },
        {
          "widgetUri": "Liczba stacji hulajnóg",
          "gridArea": "area-a",
          "dndId": "area-aLiczba stacji hulajnóg7"
        },
        {
          "widgetUri": "n",
          "gridArea": "area-a",
          "dndId": "Unassigned widgetsn8"
        }
      ]
    },
    "layoutId": {
      "literal": "Layout7"
    },
    "widgets": {
      "literal": [
        {
          "uri": "Rozmieszczone stacje hulajnóg",
          "layoutInfo": {
            "width": "2",
            "height": "1",
            "customPosition": ""
          }
        },
        {
          "uri": "Funkcja celu",
          "layoutInfo": {
            "width": "2",
            "height": "1",
            "customPosition": ""
          }
        },
        {
          "uri": "Odleglosci",
          "layoutInfo": {}
        },
        {
          "uri": "Solve",
          "layoutInfo": {}
        },
        {
          "uri": "Liczba stacji hulajnóg",
          "layoutInfo": {}
        },
        {
          "uri": "Zadowolenie",
          "layoutInfo": {}
        },
        {
          "uri": "MaxDistance",
          "layoutInfo": {}
        },
        {
          "uri": "u",
          "layoutInfo": {}
        },
        {
          "uri": "n",
          "layoutInfo": {}
        }
      ]
    }
  },
  "widgets/Funkcja celu": {
    "aimms.widget.type": {
      "literal": "scalar"
    },
    "contents": {
      "aimms": {
        "contents": [
          "OverallHappiness"
        ]
      }
    },
    "name": {
      "literal": "Funkcja celu"
    },
    "title": {
      "literal": "Funkcja celu"
    }
  },
  "widgets/Liczba stacji hulajnóg": {
    "aimms.widget.type": {
      "literal": "scalar"
    },
    "contents": {
      "aimms": {
        "contents": [
          "m"
        ]
      }
    },
    "name": {
      "literal": "Liczba stacji hulajnóg"
    },
    "title": {
      "literal": "Liczba stacji hulajnóg"
    }
  },
  "widgets/MaxDistance": {
    "aimms.widget.type": {
      "literal": "table"
    },
    "contents": {
      "aimms": {
        "contents": [
          "MaxDistance"
        ]
      }
    },
    "contents.partition": {
      "literal": {
        "rowHeader": [
          "l"
        ],
        "colHeader": [
          "<IDENTIFIER-SET>"
        ],
        "aggregated": []
      }
    },
    "custom.column.widths": {
      "literal": [
        {
          "type": "rowHeader",
          "width": 17.87
        },
        {
          "type": "rowHeader",
          "colKey": "l",
          "width": 16.84
        },
        {
          "type": "colHeader",
          "colKey": {
            "<IDENTIFIER-SET>": "MaxDistance"
          },
          "width": 16.29
        }
      ]
    },
    "name": {
      "literal": "MaxDistance"
    },
    "title": {
      "literal": "Maksymalne odległości od stacji"
    }
  },
  "widgets/n": {
    "aimms.widget.type": {
      "literal": "scalar"
    },
    "contents": {
      "aimms": {
        "contents": [
          "n"
        ]
      }
    },
    "name": {
      "literal": "n"
    },
    "title": {
      "literal": "Liczba punktów zapotrzebowania"
    }
  },
  "widgets/Odleglosci": {
    "aimms.widget.type": {
      "literal": "table"
    },
    "contents": {
      "aimms": {
        "contents": [
          "Distance"
        ]
      }
    },
    "custom.column.widths": {
      "literal": [
        {
          "type": "colHeader",
          "colKey": {
            "lto": "Location 1"
          },
          "width": 15
        },
        {
          "type": "colHeader",
          "colKey": {
            "lto": "Location 3"
          },
          "width": 16.87
        },
        {
          "type": "colHeader",
          "colKey": {
            "lto": "Location 4"
          },
          "width": 15
        },
        {
          "type": "colHeader",
          "colKey": {
            "lto": "Location 5"
          },
          "width": 16.04
        },
        {
          "type": "colHeader",
          "colKey": {
            "lto": "Location 2"
          },
          "width": 15.79
        },
        {
          "type": "rowHeader",
          "colKey": "lfrom",
          "width": 16.62
        }
      ]
    },
    "name": {
      "literal": "Odleglosci"
    },
    "title": {
      "literal": "Odległości pomiędzy punktami zapotrzebowania"
    }
  },
  "widgets/Rozmieszczone stacje hulajnóg": {
    "aimms.widget.type": {
      "literal": "table"
    },
    "contents": {
      "aimms": {
        "contents": [
          "e"
        ]
      }
    },
    "contents.partition": {
      "literal": {
        "rowHeader": [
          "l"
        ],
        "colHeader": [
          "<IDENTIFIER-SET>"
        ],
        "aggregated": []
      }
    },
    "custom.column.widths": {
      "literal": [
        {
          "type": "colHeader",
          "colKey": {
            "l": "Location 4"
          },
          "width": 18.49
        },
        {
          "type": "colHeader",
          "colKey": {
            "l": "Location 2"
          },
          "width": 17.08
        },
        {
          "type": "rowHeader",
          "width": 24.04
        },
        {
          "type": "rowHeader",
          "colKey": "<IDENTIFIER-SET>",
          "width": 31.65
        },
        {
          "type": "rowHeader",
          "colKey": "l",
          "width": 18.28
        }
      ]
    },
    "name": {
      "literal": "Rozmieszczone stacje hulajnóg"
    },
    "timezone": {
      "aimms": {
        "contents": [
          "webui::DisplayTimeZone"
        ]
      }
    },
    "title": {
      "literal": "Rozmieszczenie stacji hulajnóg"
    }
  },
  "widgets/Solve": {
    "action": {
      "literal": {
        "type": "procedure",
        "value": "MainExecution"
      }
    },
    "aimms.widget.type": {
      "literal": "button"
    },
    "name": {
      "literal": "Solve"
    },
    "title": {
      "literal": "Solve"
    }
  },
  "widgets/u": {
    "aimms.widget.type": {
      "literal": "table"
    },
    "contents": {
      "aimms": {
        "contents": [
          "u"
        ]
      }
    },
    "contents.partition": {
      "literal": {
        "rowHeader": [
          "l"
        ],
        "colHeader": [
          "<IDENTIFIER-SET>"
        ],
        "aggregated": []
      }
    },
    "custom.column.widths": {
      "literal": [
        {
          "type": "rowHeader",
          "colKey": "l",
          "width": 17.16
        }
      ]
    },
    "name": {
      "literal": "u"
    },
    "title": {
      "literal": "Możliwe rozmieszczenie stacji"
    }
  },
  "widgets/Zadowolenie": {
    "aimms.widget.type": {
      "literal": "table"
    },
    "contents": {
      "aimms": {
        "contents": [
          "Happiness"
        ]
      }
    },
    "contents.partition": {
      "literal": {
        "rowHeader": [
          "l"
        ],
        "colHeader": [
          "<IDENTIFIER-SET>"
        ],
        "aggregated": []
      }
    },
    "custom.column.widths": {
      "literal": [
        {
          "type": "colHeader",
          "colKey": {
            "l": "Location 1"
          },
          "width": 13.54
        },
        {
          "type": "colHeader",
          "colKey": {
            "l": "Location 2"
          },
          "width": 13.95
        },
        {
          "type": "colHeader",
          "colKey": {
            "l": "Location 3"
          },
          "width": 13.75
        },
        {
          "type": "colHeader",
          "colKey": {
            "l": "Location 4"
          },
          "width": 16.25
        },
        {
          "type": "colHeader",
          "colKey": {
            "l": "Location 5"
          },
          "width": 15.2
        },
        {
          "type": "colHeader",
          "colKey": {
            "<IDENTIFIER-SET>": "Happiness"
          },
          "width": 16.04
        },
        {
          "type": "rowHeader",
          "colKey": "l",
          "width": 17.26
        }
      ]
    },
    "name": {
      "literal": "Zadowolenie"
    },
    "title": {
      "literal": "Współczynniki zadowolenia dla punktów zapotrzebowania"
    }
  }
}